,path,participant_id,sequence_id,sign
0,train_landmark_files/55372/1304024428.parquet,55372,1304024428,eye
1,train_landmark_files/55372/2261487237.parquet,55372,2261487237,eye
2,train_landmark_files/55372/3544840292.parquet,55372,3544840292,eye
3,train_landmark_files/55372/3566054186.parquet,55372,3566054186,eye
4,train_landmark_files/55372/431106023.parquet,55372,431106023,eye
5,train_landmark_files/55372/1844971942.parquet,55372,1844971942,eye
6,train_landmark_files/55372/3526671849.parquet,55372,3526671849,eye
7,train_landmark_files/55372/1013626252.parquet,55372,1013626252,eye
8,train_landmark_files/55372/1053698730.parquet,55372,1053698730,eye
9,train_landmark_files/55372/3117668028.parquet,55372,3117668028,eye
10,train_landmark_files/28656/1022664925.parquet,28656,1022664925,eye
11,train_landmark_files/28656/1858632119.parquet,28656,1858632119,eye
12,train_landmark_files/28656/1697050894.parquet,28656,1697050894,eye
13,train_landmark_files/28656/1594488419.parquet,28656,1594488419,eye
14,train_landmark_files/28656/1617523243.parquet,28656,1617523243,eye
15,train_landmark_files/28656/2974510067.parquet,28656,2974510067,eye
16,train_landmark_files/28656/2167568087.parquet,28656,2167568087,eye
17,train_landmark_files/28656/2705465806.parquet,28656,2705465806,eye
18,train_landmark_files/28656/3037175512.parquet,28656,3037175512,eye
19,train_landmark_files/28656/4252901122.parquet,28656,4252901122,eye
20,train_landmark_files/53618/395084960.parquet,53618,395084960,eye
21,train_landmark_files/53618/1162052092.parquet,53618,1162052092,eye
22,train_landmark_files/53618/1984476531.parquet,53618,1984476531,eye
23,train_landmark_files/53618/119936136.parquet,53618,119936136,eye
24,train_landmark_files/53618/3086015334.parquet,53618,3086015334,eye
25,train_landmark_files/53618/3230405496.parquet,53618,3230405496,eye
26,train_landmark_files/53618/2427895109.parquet,53618,2427895109,eye
27,train_landmark_files/53618/2253949245.parquet,53618,2253949245,eye
28,train_landmark_files/53618/2196645848.parquet,53618,2196645848,eye
29,train_landmark_files/53618/1964454778.parquet,53618,1964454778,eye
30,train_landmark_files/62590/2580755778.parquet,62590,2580755778,eye
31,train_landmark_files/62590/1582787571.parquet,62590,1582787571,eye
32,train_landmark_files/62590/1646898318.parquet,62590,1646898318,eye
33,train_landmark_files/62590/3785045555.parquet,62590,3785045555,eye
34,train_landmark_files/62590/1045787067.parquet,62590,1045787067,eye
35,train_landmark_files/62590/4022010639.parquet,62590,4022010639,eye
36,train_landmark_files/62590/574687854.parquet,62590,574687854,eye
37,train_landmark_files/62590/1429157516.parquet,62590,1429157516,eye
38,train_landmark_files/62590/4101800693.parquet,62590,4101800693,eye
39,train_landmark_files/62590/1959432393.parquet,62590,1959432393,eye
40,train_landmark_files/27610/2336782639.parquet,27610,2336782639,eye
41,train_landmark_files/27610/947260142.parquet,27610,947260142,eye
42,train_landmark_files/27610/1191857992.parquet,27610,1191857992,eye
43,train_landmark_files/27610/2849216633.parquet,27610,2849216633,eye
44,train_landmark_files/27610/1785169128.parquet,27610,1785169128,eye
45,train_landmark_files/27610/1500377184.parquet,27610,1500377184,eye
46,train_landmark_files/27610/695250325.parquet,27610,695250325,eye
47,train_landmark_files/27610/1985554329.parquet,27610,1985554329,eye
48,train_landmark_files/27610/3205976640.parquet,27610,3205976640,eye
49,train_landmark_files/27610/2631853142.parquet,27610,2631853142,eye
50,train_landmark_files/37779/3458251750.parquet,37779,3458251750,eye
51,train_landmark_files/37779/2635674510.parquet,37779,2635674510,eye
52,train_landmark_files/37779/1196710360.parquet,37779,1196710360,eye
53,train_landmark_files/37779/3527850230.parquet,37779,3527850230,eye
54,train_landmark_files/37779/3969250544.parquet,37779,3969250544,eye
55,train_landmark_files/37779/3373456322.parquet,37779,3373456322,eye
56,train_landmark_files/37779/422214023.parquet,37779,422214023,eye
57,train_landmark_files/37779/1896412058.parquet,37779,1896412058,eye
58,train_landmark_files/37779/3615813494.parquet,37779,3615813494,eye
59,train_landmark_files/37779/943386656.parquet,37779,943386656,eye
60,train_landmark_files/4718/1062762111.parquet,4718,1062762111,eye
61,train_landmark_files/4718/231143828.parquet,4718,231143828,eye
62,train_landmark_files/4718/2330633260.parquet,4718,2330633260,eye
63,train_landmark_files/4718/3954113550.parquet,4718,3954113550,eye
64,train_landmark_files/4718/3784795118.parquet,4718,3784795118,eye
65,train_landmark_files/4718/124646318.parquet,4718,124646318,eye
66,train_landmark_files/4718/3969926518.parquet,4718,3969926518,eye
67,train_landmark_files/4718/1566135213.parquet,4718,1566135213,eye
68,train_landmark_files/4718/4051378458.parquet,4718,4051378458,eye
69,train_landmark_files/4718/475700062.parquet,4718,475700062,eye
70,train_landmark_files/25571/1576002590.parquet,25571,1576002590,eye
71,train_landmark_files/25571/1696407850.parquet,25571,1696407850,eye
72,train_landmark_files/25571/3302002870.parquet,25571,3302002870,eye
73,train_landmark_files/25571/1066452509.parquet,25571,1066452509,eye
74,train_landmark_files/25571/3623584476.parquet,25571,3623584476,eye
75,train_landmark_files/25571/1862362510.parquet,25571,1862362510,eye
76,train_landmark_files/25571/471605461.parquet,25571,471605461,eye
77,train_landmark_files/25571/1660500539.parquet,25571,1660500539,eye
78,train_landmark_files/25571/986201148.parquet,25571,986201148,eye
79,train_landmark_files/25571/435013186.parquet,25571,435013186,eye
80,train_landmark_files/2044/674674456.parquet,2044,674674456,eye
81,train_landmark_files/2044/1911308015.parquet,2044,1911308015,eye
82,train_landmark_files/2044/3127189.parquet,2044,3127189,eye
83,train_landmark_files/2044/2723794492.parquet,2044,2723794492,eye
84,train_landmark_files/2044/547054324.parquet,2044,547054324,eye
85,train_landmark_files/2044/1793756388.parquet,2044,1793756388,eye
86,train_landmark_files/2044/2881885759.parquet,2044,2881885759,eye
87,train_landmark_files/2044/3497847754.parquet,2044,3497847754,eye
88,train_landmark_files/2044/2397794410.parquet,2044,2397794410,eye
89,train_landmark_files/2044/2625713119.parquet,2044,2625713119,eye
90,train_landmark_files/36257/658644091.parquet,36257,658644091,eye
91,train_landmark_files/36257/748885557.parquet,36257,748885557,eye
92,train_landmark_files/36257/2935544615.parquet,36257,2935544615,eye
93,train_landmark_files/36257/3940546458.parquet,36257,3940546458,eye
94,train_landmark_files/36257/4056356552.parquet,36257,4056356552,eye
95,train_landmark_files/36257/2988167936.parquet,36257,2988167936,eye
96,train_landmark_files/36257/151995346.parquet,36257,151995346,eye
97,train_landmark_files/36257/3566114570.parquet,36257,3566114570,eye
98,train_landmark_files/36257/3296170807.parquet,36257,3296170807,eye
99,train_landmark_files/36257/2153490966.parquet,36257,2153490966,eye
100,train_landmark_files/29302/1683909087.parquet,29302,1683909087,eye
101,train_landmark_files/29302/3899870905.parquet,29302,3899870905,eye
102,train_landmark_files/29302/2180458225.parquet,29302,2180458225,eye
103,train_landmark_files/29302/65808187.parquet,29302,65808187,eye
104,train_landmark_files/29302/2961780585.parquet,29302,2961780585,eye
105,train_landmark_files/29302/1105443156.parquet,29302,1105443156,eye
106,train_landmark_files/29302/950742251.parquet,29302,950742251,eye
107,train_landmark_files/29302/1342649112.parquet,29302,1342649112,eye
108,train_landmark_files/29302/997106129.parquet,29302,997106129,eye
109,train_landmark_files/29302/3972002203.parquet,29302,3972002203,eye
110,train_landmark_files/32319/702695636.parquet,32319,702695636,eye
111,train_landmark_files/32319/4199651838.parquet,32319,4199651838,eye
112,train_landmark_files/32319/641080416.parquet,32319,641080416,eye
113,train_landmark_files/32319/2063670597.parquet,32319,2063670597,eye
114,train_landmark_files/32319/773069953.parquet,32319,773069953,eye
115,train_landmark_files/32319/34488623.parquet,32319,34488623,eye
116,train_landmark_files/32319/1155726770.parquet,32319,1155726770,eye
117,train_landmark_files/32319/1110571861.parquet,32319,1110571861,eye
118,train_landmark_files/32319/2087124189.parquet,32319,2087124189,eye
119,train_landmark_files/32319/3540510165.parquet,32319,3540510165,eye
120,train_landmark_files/61333/907909102.parquet,61333,907909102,eye
121,train_landmark_files/61333/2059675551.parquet,61333,2059675551,eye
122,train_landmark_files/61333/731485643.parquet,61333,731485643,eye
123,train_landmark_files/61333/3907002870.parquet,61333,3907002870,eye
124,train_landmark_files/61333/309116478.parquet,61333,309116478,eye
125,train_landmark_files/61333/4250694934.parquet,61333,4250694934,eye
126,train_landmark_files/61333/1372326193.parquet,61333,1372326193,eye
127,train_landmark_files/61333/3312332708.parquet,61333,3312332708,eye
128,train_landmark_files/61333/2886507679.parquet,61333,2886507679,eye
129,train_landmark_files/61333/2194784743.parquet,61333,2194784743,eye
130,train_landmark_files/16069/2801326719.parquet,16069,2801326719,eye
131,train_landmark_files/16069/1896108368.parquet,16069,1896108368,eye
132,train_landmark_files/16069/3313702838.parquet,16069,3313702838,eye
133,train_landmark_files/16069/1549350762.parquet,16069,1549350762,eye
134,train_landmark_files/16069/2444112019.parquet,16069,2444112019,eye
135,train_landmark_files/16069/217539166.parquet,16069,217539166,eye
136,train_landmark_files/16069/2219092310.parquet,16069,2219092310,eye
137,train_landmark_files/16069/1856316342.parquet,16069,1856316342,eye
138,train_landmark_files/16069/597334354.parquet,16069,597334354,eye
139,train_landmark_files/16069/1618010783.parquet,16069,1618010783,eye
140,train_landmark_files/30680/623212999.parquet,30680,623212999,eye
141,train_landmark_files/30680/884016896.parquet,30680,884016896,eye
142,train_landmark_files/30680/2249320511.parquet,30680,2249320511,eye
143,train_landmark_files/30680/2454239593.parquet,30680,2454239593,eye
144,train_landmark_files/30680/552687295.parquet,30680,552687295,eye
145,train_landmark_files/30680/2302580849.parquet,30680,2302580849,eye
146,train_landmark_files/30680/689787997.parquet,30680,689787997,eye
147,train_landmark_files/30680/2804131182.parquet,30680,2804131182,eye
148,train_landmark_files/30680/539836103.parquet,30680,539836103,eye
149,train_landmark_files/30680/2704266656.parquet,30680,2704266656,eye
150,train_landmark_files/49445/3966655480.parquet,49445,3966655480,eye
151,train_landmark_files/49445/685997171.parquet,49445,685997171,eye
152,train_landmark_files/49445/1651062628.parquet,49445,1651062628,eye
153,train_landmark_files/49445/580746251.parquet,49445,580746251,eye
154,train_landmark_files/49445/4165526453.parquet,49445,4165526453,eye
155,train_landmark_files/49445/3733283867.parquet,49445,3733283867,eye
156,train_landmark_files/49445/4007143628.parquet,49445,4007143628,eye
157,train_landmark_files/49445/1873595770.parquet,49445,1873595770,eye
158,train_landmark_files/49445/3736532370.parquet,49445,3736532370,eye
159,train_landmark_files/49445/3805856405.parquet,49445,3805856405,eye
160,train_landmark_files/18796/360585747.parquet,18796,360585747,eye
161,train_landmark_files/18796/3413001029.parquet,18796,3413001029,eye
162,train_landmark_files/18796/3388152584.parquet,18796,3388152584,eye
163,train_landmark_files/18796/1271993595.parquet,18796,1271993595,eye
164,train_landmark_files/18796/1329065925.parquet,18796,1329065925,eye
165,train_landmark_files/18796/2552932834.parquet,18796,2552932834,eye
166,train_landmark_files/18796/325434960.parquet,18796,325434960,eye
167,train_landmark_files/18796/2304577763.parquet,18796,2304577763,eye
168,train_landmark_files/18796/3902362269.parquet,18796,3902362269,eye
169,train_landmark_files/18796/3733170567.parquet,18796,3733170567,eye
170,train_landmark_files/37055/2537995300.parquet,37055,2537995300,eye
171,train_landmark_files/37055/2899971228.parquet,37055,2899971228,eye
172,train_landmark_files/37055/163642994.parquet,37055,163642994,eye
173,train_landmark_files/37055/3516561967.parquet,37055,3516561967,eye
174,train_landmark_files/37055/1351053714.parquet,37055,1351053714,eye
175,train_landmark_files/37055/2827875323.parquet,37055,2827875323,eye
176,train_landmark_files/37055/2213525790.parquet,37055,2213525790,eye
177,train_landmark_files/37055/961029590.parquet,37055,961029590,eye
178,train_landmark_files/37055/2675339563.parquet,37055,2675339563,eye
179,train_landmark_files/37055/3837094792.parquet,37055,3837094792,eye
180,train_landmark_files/26734/3416496518.parquet,26734,3416496518,eye
181,train_landmark_files/26734/2957895693.parquet,26734,2957895693,eye
182,train_landmark_files/26734/2700593779.parquet,26734,2700593779,eye
183,train_landmark_files/26734/1659680869.parquet,26734,1659680869,eye
184,train_landmark_files/26734/2345005103.parquet,26734,2345005103,eye
185,train_landmark_files/26734/1381421928.parquet,26734,1381421928,eye
186,train_landmark_files/26734/1886896867.parquet,26734,1886896867,eye
187,train_landmark_files/26734/2977677967.parquet,26734,2977677967,eye
188,train_landmark_files/26734/274568092.parquet,26734,274568092,eye
189,train_landmark_files/26734/931667970.parquet,26734,931667970,eye
190,train_landmark_files/22343/3421384934.parquet,22343,3421384934,eye
191,train_landmark_files/22343/3654964508.parquet,22343,3654964508,eye
192,train_landmark_files/22343/3142918266.parquet,22343,3142918266,eye
193,train_landmark_files/22343/3977541041.parquet,22343,3977541041,eye
194,train_landmark_files/22343/1586643869.parquet,22343,1586643869,eye
195,train_landmark_files/22343/3071436681.parquet,22343,3071436681,eye
196,train_landmark_files/22343/4197381363.parquet,22343,4197381363,eye
197,train_landmark_files/22343/686825525.parquet,22343,686825525,eye
198,train_landmark_files/22343/139631882.parquet,22343,139631882,eye
199,train_landmark_files/22343/2050509257.parquet,22343,2050509257,eye
200,train_landmark_files/34503/348813446.parquet,34503,348813446,eye
201,train_landmark_files/34503/715097347.parquet,34503,715097347,eye
202,train_landmark_files/34503/1947382647.parquet,34503,1947382647,eye
203,train_landmark_files/34503/4055063427.parquet,34503,4055063427,eye
204,train_landmark_files/34503/2221081926.parquet,34503,2221081926,eye
205,train_landmark_files/34503/1570532925.parquet,34503,1570532925,eye
206,train_landmark_files/34503/614831442.parquet,34503,614831442,eye
207,train_landmark_files/34503/2733840360.parquet,34503,2733840360,eye
208,train_landmark_files/34503/2140023728.parquet,34503,2140023728,eye
209,train_landmark_files/34503/3163417404.parquet,34503,3163417404,eye
210,train_landmark_files/34503/1606445226.parquet,34503,1606445226,gum
211,train_landmark_files/34503/3185169858.parquet,34503,3185169858,gum
212,train_landmark_files/34503/2021199667.parquet,34503,2021199667,gum
213,train_landmark_files/34503/1938797241.parquet,34503,1938797241,gum
214,train_landmark_files/34503/3905726543.parquet,34503,3905726543,gum
215,train_landmark_files/34503/140314373.parquet,34503,140314373,gum
216,train_landmark_files/34503/1201886708.parquet,34503,1201886708,gum
217,train_landmark_files/34503/1734407326.parquet,34503,1734407326,gum
218,train_landmark_files/34503/941814148.parquet,34503,941814148,gum
219,train_landmark_files/34503/2985047539.parquet,34503,2985047539,gum
220,train_landmark_files/62590/3489532584.parquet,62590,3489532584,gum
221,train_landmark_files/62590/1017601410.parquet,62590,1017601410,gum
222,train_landmark_files/62590/3725271589.parquet,62590,3725271589,gum
223,train_landmark_files/62590/3250983973.parquet,62590,3250983973,gum
224,train_landmark_files/62590/2974710372.parquet,62590,2974710372,gum
225,train_landmark_files/62590/44897166.parquet,62590,44897166,gum
226,train_landmark_files/62590/2109777542.parquet,62590,2109777542,gum
227,train_landmark_files/62590/2584336130.parquet,62590,2584336130,gum
228,train_landmark_files/62590/2398619771.parquet,62590,2398619771,gum
229,train_landmark_files/62590/1561370907.parquet,62590,1561370907,gum
230,train_landmark_files/36257/4049363986.parquet,36257,4049363986,gum
231,train_landmark_files/36257/2058699000.parquet,36257,2058699000,gum
232,train_landmark_files/36257/4277548372.parquet,36257,4277548372,gum
233,train_landmark_files/36257/2684341014.parquet,36257,2684341014,gum
234,train_landmark_files/36257/3502430110.parquet,36257,3502430110,gum
235,train_landmark_files/36257/1192054293.parquet,36257,1192054293,gum
236,train_landmark_files/36257/3532988219.parquet,36257,3532988219,gum
237,train_landmark_files/36257/2004063602.parquet,36257,2004063602,gum
238,train_landmark_files/36257/2236765502.parquet,36257,2236765502,gum
239,train_landmark_files/36257/2973788872.parquet,36257,2973788872,gum
240,train_landmark_files/32319/3774311507.parquet,32319,3774311507,gum
241,train_landmark_files/32319/3260979946.parquet,32319,3260979946,gum
242,train_landmark_files/32319/4149927813.parquet,32319,4149927813,gum
243,train_landmark_files/32319/2502172577.parquet,32319,2502172577,gum
244,train_landmark_files/32319/2581778345.parquet,32319,2581778345,gum
245,train_landmark_files/32319/2951403516.parquet,32319,2951403516,gum
246,train_landmark_files/32319/1049896113.parquet,32319,1049896113,gum
247,train_landmark_files/32319/3281394155.parquet,32319,3281394155,gum
248,train_landmark_files/32319/635177254.parquet,32319,635177254,gum
249,train_landmark_files/32319/731854016.parquet,32319,731854016,gum
250,train_landmark_files/29302/2820197917.parquet,29302,2820197917,gum
251,train_landmark_files/29302/367288292.parquet,29302,367288292,gum
252,train_landmark_files/29302/777803430.parquet,29302,777803430,gum
253,train_landmark_files/29302/2023730811.parquet,29302,2023730811,gum
254,train_landmark_files/29302/3518196504.parquet,29302,3518196504,gum
255,train_landmark_files/29302/2182817901.parquet,29302,2182817901,gum
256,train_landmark_files/29302/957623985.parquet,29302,957623985,gum
257,train_landmark_files/29302/4009630186.parquet,29302,4009630186,gum
258,train_landmark_files/29302/1156006281.parquet,29302,1156006281,gum
259,train_landmark_files/29302/712045508.parquet,29302,712045508,gum
260,train_landmark_files/55372/447493367.parquet,55372,447493367,gum
261,train_landmark_files/55372/610676816.parquet,55372,610676816,gum
262,train_landmark_files/55372/2966388645.parquet,55372,2966388645,gum
263,train_landmark_files/55372/149166591.parquet,55372,149166591,gum
264,train_landmark_files/55372/2466734965.parquet,55372,2466734965,gum
265,train_landmark_files/55372/30773392.parquet,55372,30773392,gum
266,train_landmark_files/55372/625471797.parquet,55372,625471797,gum
267,train_landmark_files/55372/1056759245.parquet,55372,1056759245,gum
268,train_landmark_files/55372/4027353033.parquet,55372,4027353033,gum
269,train_landmark_files/55372/366944164.parquet,55372,366944164,gum
270,train_landmark_files/37055/3796520182.parquet,37055,3796520182,gum
271,train_landmark_files/37055/4070635459.parquet,37055,4070635459,gum
272,train_landmark_files/37055/1795163086.parquet,37055,1795163086,gum
273,train_landmark_files/37055/1076693145.parquet,37055,1076693145,gum
274,train_landmark_files/37055/593673441.parquet,37055,593673441,gum
275,train_landmark_files/37055/2593747933.parquet,37055,2593747933,gum
276,train_landmark_files/37055/1060657831.parquet,37055,1060657831,gum
277,train_landmark_files/37055/1933615256.parquet,37055,1933615256,gum
278,train_landmark_files/37055/28109480.parquet,37055,28109480,gum
279,train_landmark_files/37055/917664002.parquet,37055,917664002,gum
280,train_landmark_files/2044/910414413.parquet,2044,910414413,gum
281,train_landmark_files/2044/2832660760.parquet,2044,2832660760,gum
282,train_landmark_files/2044/2997654094.parquet,2044,2997654094,gum
283,train_landmark_files/2044/68106762.parquet,2044,68106762,gum
284,train_landmark_files/2044/2258132132.parquet,2044,2258132132,gum
285,train_landmark_files/2044/3072650142.parquet,2044,3072650142,gum
286,train_landmark_files/2044/3283693537.parquet,2044,3283693537,gum
287,train_landmark_files/2044/1891295904.parquet,2044,1891295904,gum
288,train_landmark_files/2044/1251750909.parquet,2044,1251750909,gum
289,train_landmark_files/2044/3786777488.parquet,2044,3786777488,gum
290,train_landmark_files/53618/1540253208.parquet,53618,1540253208,gum
291,train_landmark_files/53618/2650742300.parquet,53618,2650742300,gum
292,train_landmark_files/53618/2833822726.parquet,53618,2833822726,gum
293,train_landmark_files/53618/1295501156.parquet,53618,1295501156,gum
294,train_landmark_files/53618/3934340838.parquet,53618,3934340838,gum
295,train_landmark_files/53618/2491327227.parquet,53618,2491327227,gum
296,train_landmark_files/53618/1229205119.parquet,53618,1229205119,gum
297,train_landmark_files/53618/2603415649.parquet,53618,2603415649,gum
298,train_landmark_files/53618/473113825.parquet,53618,473113825,gum
299,train_landmark_files/53618/3934238560.parquet,53618,3934238560,gum
300,train_landmark_files/16069/929546451.parquet,16069,929546451,gum
301,train_landmark_files/16069/1165963211.parquet,16069,1165963211,gum
302,train_landmark_files/16069/3375048567.parquet,16069,3375048567,gum
303,train_landmark_files/16069/2164916419.parquet,16069,2164916419,gum
304,train_landmark_files/16069/1110871163.parquet,16069,1110871163,gum
305,train_landmark_files/16069/2818265911.parquet,16069,2818265911,gum
306,train_landmark_files/16069/532302079.parquet,16069,532302079,gum
307,train_landmark_files/16069/1486275585.parquet,16069,1486275585,gum
308,train_landmark_files/16069/1589927242.parquet,16069,1589927242,gum
309,train_landmark_files/16069/3845026900.parquet,16069,3845026900,gum
310,train_landmark_files/18796/820477482.parquet,18796,820477482,gum
311,train_landmark_files/18796/2646505172.parquet,18796,2646505172,gum
312,train_landmark_files/18796/198118186.parquet,18796,198118186,gum
313,train_landmark_files/18796/488680655.parquet,18796,488680655,gum
314,train_landmark_files/18796/2747739902.parquet,18796,2747739902,gum
315,train_landmark_files/18796/445089402.parquet,18796,445089402,gum
316,train_landmark_files/18796/4223768094.parquet,18796,4223768094,gum
317,train_landmark_files/18796/4231427488.parquet,18796,4231427488,gum
318,train_landmark_files/18796/1143701551.parquet,18796,1143701551,gum
319,train_landmark_files/18796/298788901.parquet,18796,298788901,gum
320,train_landmark_files/30680/4116783159.parquet,30680,4116783159,gum
321,train_landmark_files/30680/46323367.parquet,30680,46323367,gum
322,train_landmark_files/30680/3003333962.parquet,30680,3003333962,gum
323,train_landmark_files/30680/373459159.parquet,30680,373459159,gum
324,train_landmark_files/30680/622813363.parquet,30680,622813363,gum
325,train_landmark_files/30680/3916070496.parquet,30680,3916070496,gum
326,train_landmark_files/30680/4136521172.parquet,30680,4136521172,gum
327,train_landmark_files/30680/727629319.parquet,30680,727629319,gum
328,train_landmark_files/30680/2628168856.parquet,30680,2628168856,gum
329,train_landmark_files/30680/3447256115.parquet,30680,3447256115,gum
330,train_landmark_files/22343/1944626757.parquet,22343,1944626757,gum
331,train_landmark_files/22343/2279538162.parquet,22343,2279538162,gum
332,train_landmark_files/22343/2354427554.parquet,22343,2354427554,gum
333,train_landmark_files/22343/3151827574.parquet,22343,3151827574,gum
334,train_landmark_files/22343/331751358.parquet,22343,331751358,gum
335,train_landmark_files/22343/2523747465.parquet,22343,2523747465,gum
336,train_landmark_files/22343/595362251.parquet,22343,595362251,gum
337,train_landmark_files/22343/3903098054.parquet,22343,3903098054,gum
338,train_landmark_files/22343/3418496190.parquet,22343,3418496190,gum
339,train_landmark_files/22343/1247854429.parquet,22343,1247854429,gum
340,train_landmark_files/27610/782615951.parquet,27610,782615951,gum
341,train_landmark_files/27610/3949422944.parquet,27610,3949422944,gum
342,train_landmark_files/27610/1533184167.parquet,27610,1533184167,gum
343,train_landmark_files/27610/4021993887.parquet,27610,4021993887,gum
344,train_landmark_files/27610/2783256174.parquet,27610,2783256174,gum
345,train_landmark_files/27610/2711682724.parquet,27610,2711682724,gum
346,train_landmark_files/27610/932536946.parquet,27610,932536946,gum
347,train_landmark_files/27610/2564557263.parquet,27610,2564557263,gum
348,train_landmark_files/27610/770348291.parquet,27610,770348291,gum
349,train_landmark_files/27610/2782711655.parquet,27610,2782711655,gum
350,train_landmark_files/28656/692017021.parquet,28656,692017021,gum
351,train_landmark_files/28656/2517595929.parquet,28656,2517595929,gum
352,train_landmark_files/28656/1685489590.parquet,28656,1685489590,gum
353,train_landmark_files/28656/2474878871.parquet,28656,2474878871,gum
354,train_landmark_files/28656/2710708918.parquet,28656,2710708918,gum
355,train_landmark_files/28656/1903666275.parquet,28656,1903666275,gum
356,train_landmark_files/28656/360475134.parquet,28656,360475134,gum
357,train_landmark_files/28656/523275057.parquet,28656,523275057,gum
358,train_landmark_files/28656/1208926724.parquet,28656,1208926724,gum
359,train_landmark_files/28656/177742268.parquet,28656,177742268,gum
360,train_landmark_files/4718/4258809464.parquet,4718,4258809464,gum
361,train_landmark_files/4718/3862744153.parquet,4718,3862744153,gum
362,train_landmark_files/4718/2766268786.parquet,4718,2766268786,gum
363,train_landmark_files/4718/3920852868.parquet,4718,3920852868,gum
364,train_landmark_files/4718/2933942102.parquet,4718,2933942102,gum
365,train_landmark_files/4718/2283496247.parquet,4718,2283496247,gum
366,train_landmark_files/4718/1568646446.parquet,4718,1568646446,gum
367,train_landmark_files/4718/90474831.parquet,4718,90474831,gum
368,train_landmark_files/4718/23510659.parquet,4718,23510659,gum
369,train_landmark_files/4718/3771406802.parquet,4718,3771406802,gum
370,train_landmark_files/37779/1321602452.parquet,37779,1321602452,gum
371,train_landmark_files/37779/3719651583.parquet,37779,3719651583,gum
372,train_landmark_files/37779/3397431308.parquet,37779,3397431308,gum
373,train_landmark_files/37779/2836158545.parquet,37779,2836158545,gum
374,train_landmark_files/37779/1265194000.parquet,37779,1265194000,gum
375,train_landmark_files/37779/3738908867.parquet,37779,3738908867,gum
376,train_landmark_files/37779/3110790200.parquet,37779,3110790200,gum
377,train_landmark_files/37779/2326876819.parquet,37779,2326876819,gum
378,train_landmark_files/37779/3264849047.parquet,37779,3264849047,gum
379,train_landmark_files/37779/4243428551.parquet,37779,4243428551,gum
380,train_landmark_files/49445/1902891900.parquet,49445,1902891900,gum
381,train_landmark_files/49445/3032289743.parquet,49445,3032289743,gum
382,train_landmark_files/49445/1860371350.parquet,49445,1860371350,gum
383,train_landmark_files/49445/1556444650.parquet,49445,1556444650,gum
384,train_landmark_files/49445/2412905626.parquet,49445,2412905626,gum
385,train_landmark_files/49445/3226501194.parquet,49445,3226501194,gum
386,train_landmark_files/49445/3581636817.parquet,49445,3581636817,gum
387,train_landmark_files/49445/3266343843.parquet,49445,3266343843,gum
388,train_landmark_files/49445/2386476258.parquet,49445,2386476258,gum
389,train_landmark_files/49445/3660111810.parquet,49445,3660111810,gum
390,train_landmark_files/25571/1973721160.parquet,25571,1973721160,gum
391,train_landmark_files/25571/3830614760.parquet,25571,3830614760,gum
392,train_landmark_files/25571/4054529089.parquet,25571,4054529089,gum
393,train_landmark_files/25571/607152496.parquet,25571,607152496,gum
394,train_landmark_files/25571/4220740267.parquet,25571,4220740267,gum
395,train_landmark_files/25571/654941496.parquet,25571,654941496,gum
396,train_landmark_files/25571/3088762299.parquet,25571,3088762299,gum
397,train_landmark_files/25571/1583387786.parquet,25571,1583387786,gum
398,train_landmark_files/25571/183330329.parquet,25571,183330329,gum
399,train_landmark_files/25571/4029407921.parquet,25571,4029407921,gum
400,train_landmark_files/61333/2236132162.parquet,61333,2236132162,gum
401,train_landmark_files/61333/2637778509.parquet,61333,2637778509,gum
402,train_landmark_files/61333/2660314677.parquet,61333,2660314677,gum
403,train_landmark_files/61333/3084722313.parquet,61333,3084722313,gum
404,train_landmark_files/61333/1962002188.parquet,61333,1962002188,gum
405,train_landmark_files/61333/522210285.parquet,61333,522210285,gum
406,train_landmark_files/61333/2905463641.parquet,61333,2905463641,gum
407,train_landmark_files/61333/2495479665.parquet,61333,2495479665,gum
408,train_landmark_files/61333/4199288145.parquet,61333,4199288145,gum
409,train_landmark_files/61333/2042903822.parquet,61333,2042903822,gum
410,train_landmark_files/26734/2950967934.parquet,26734,2950967934,gum
411,train_landmark_files/26734/3812738272.parquet,26734,3812738272,gum
412,train_landmark_files/26734/4135540181.parquet,26734,4135540181,gum
413,train_landmark_files/26734/2958793425.parquet,26734,2958793425,gum
414,train_landmark_files/26734/2084105291.parquet,26734,2084105291,gum
415,train_landmark_files/26734/3926336608.parquet,26734,3926336608,gum
416,train_landmark_files/26734/3524218955.parquet,26734,3524218955,gum
417,train_landmark_files/26734/169811692.parquet,26734,169811692,gum
418,train_landmark_files/26734/2646595145.parquet,26734,2646595145,gum
419,train_landmark_files/26734/3885718414.parquet,26734,3885718414,gum
420,train_landmark_files/26734/100328364.parquet,26734,100328364,scissors
421,train_landmark_files/26734/462238149.parquet,26734,462238149,scissors
422,train_landmark_files/26734/1803087642.parquet,26734,1803087642,scissors
423,train_landmark_files/26734/2668642581.parquet,26734,2668642581,scissors
424,train_landmark_files/26734/3764393515.parquet,26734,3764393515,scissors
425,train_landmark_files/26734/402466863.parquet,26734,402466863,scissors
426,train_landmark_files/26734/3001057494.parquet,26734,3001057494,scissors
427,train_landmark_files/26734/2698881487.parquet,26734,2698881487,scissors
428,train_landmark_files/26734/260968927.parquet,26734,260968927,scissors
429,train_landmark_files/26734/1195081713.parquet,26734,1195081713,scissors
430,train_landmark_files/22343/2500906918.parquet,22343,2500906918,scissors
431,train_landmark_files/22343/1004053083.parquet,22343,1004053083,scissors
432,train_landmark_files/22343/4050411938.parquet,22343,4050411938,scissors
433,train_landmark_files/22343/3258800612.parquet,22343,3258800612,scissors
434,train_landmark_files/22343/1020848799.parquet,22343,1020848799,scissors
435,train_landmark_files/22343/1597448745.parquet,22343,1597448745,scissors
436,train_landmark_files/22343/3232627265.parquet,22343,3232627265,scissors
437,train_landmark_files/22343/675653530.parquet,22343,675653530,scissors
438,train_landmark_files/22343/2531565933.parquet,22343,2531565933,scissors
439,train_landmark_files/22343/1806633655.parquet,22343,1806633655,scissors
440,train_landmark_files/62590/1413658357.parquet,62590,1413658357,scissors
441,train_landmark_files/62590/2012253482.parquet,62590,2012253482,scissors
442,train_landmark_files/62590/3179061002.parquet,62590,3179061002,scissors
443,train_landmark_files/62590/1379891283.parquet,62590,1379891283,scissors
444,train_landmark_files/62590/4263208234.parquet,62590,4263208234,scissors
445,train_landmark_files/62590/1013049724.parquet,62590,1013049724,scissors
446,train_landmark_files/62590/1759469646.parquet,62590,1759469646,scissors
447,train_landmark_files/62590/2870002138.parquet,62590,2870002138,scissors
448,train_landmark_files/62590/3727086199.parquet,62590,3727086199,scissors
449,train_landmark_files/62590/3046529251.parquet,62590,3046529251,scissors
450,train_landmark_files/29302/542519121.parquet,29302,542519121,scissors
451,train_landmark_files/29302/22646350.parquet,29302,22646350,scissors
452,train_landmark_files/29302/3550550557.parquet,29302,3550550557,scissors
453,train_landmark_files/29302/1017350755.parquet,29302,1017350755,scissors
454,train_landmark_files/29302/2129688773.parquet,29302,2129688773,scissors
455,train_landmark_files/29302/2039261799.parquet,29302,2039261799,scissors
456,train_landmark_files/29302/797179823.parquet,29302,797179823,scissors
457,train_landmark_files/29302/3435932458.parquet,29302,3435932458,scissors
458,train_landmark_files/29302/107113677.parquet,29302,107113677,scissors
459,train_landmark_files/29302/1964752682.parquet,29302,1964752682,scissors
460,train_landmark_files/18796/4154506765.parquet,18796,4154506765,scissors
461,train_landmark_files/18796/1232855994.parquet,18796,1232855994,scissors
462,train_landmark_files/18796/41300978.parquet,18796,41300978,scissors
463,train_landmark_files/18796/3149038158.parquet,18796,3149038158,scissors
464,train_landmark_files/18796/1162719635.parquet,18796,1162719635,scissors
465,train_landmark_files/18796/4250220389.parquet,18796,4250220389,scissors
466,train_landmark_files/18796/1027111435.parquet,18796,1027111435,scissors
467,train_landmark_files/18796/3823506126.parquet,18796,3823506126,scissors
468,train_landmark_files/18796/1454191762.parquet,18796,1454191762,scissors
469,train_landmark_files/18796/1920236399.parquet,18796,1920236399,scissors
470,train_landmark_files/32319/2256508770.parquet,32319,2256508770,scissors
471,train_landmark_files/32319/2748651451.parquet,32319,2748651451,scissors
472,train_landmark_files/32319/353884327.parquet,32319,353884327,scissors
473,train_landmark_files/32319/4120786777.parquet,32319,4120786777,scissors
474,train_landmark_files/32319/1553980667.parquet,32319,1553980667,scissors
475,train_landmark_files/32319/3853984535.parquet,32319,3853984535,scissors
476,train_landmark_files/32319/3443464083.parquet,32319,3443464083,scissors
477,train_landmark_files/32319/695421348.parquet,32319,695421348,scissors
478,train_landmark_files/32319/407206038.parquet,32319,407206038,scissors
479,train_landmark_files/32319/4285835320.parquet,32319,4285835320,scissors
480,train_landmark_files/37779/2732852328.parquet,37779,2732852328,scissors
481,train_landmark_files/37779/706512288.parquet,37779,706512288,scissors
482,train_landmark_files/37779/563980818.parquet,37779,563980818,scissors
483,train_landmark_files/37779/3854663500.parquet,37779,3854663500,scissors
484,train_landmark_files/37779/2048964036.parquet,37779,2048964036,scissors
485,train_landmark_files/37779/223687993.parquet,37779,223687993,scissors
486,train_landmark_files/37779/4008188501.parquet,37779,4008188501,scissors
487,train_landmark_files/37779/308402422.parquet,37779,308402422,scissors
488,train_landmark_files/37779/3975325516.parquet,37779,3975325516,scissors
489,train_landmark_files/37779/2267836189.parquet,37779,2267836189,scissors
490,train_landmark_files/27610/3447003118.parquet,27610,3447003118,scissors
491,train_landmark_files/27610/433551844.parquet,27610,433551844,scissors
492,train_landmark_files/27610/3987104688.parquet,27610,3987104688,scissors
493,train_landmark_files/27610/3829159164.parquet,27610,3829159164,scissors
494,train_landmark_files/27610/751502983.parquet,27610,751502983,scissors
495,train_landmark_files/27610/3547134552.parquet,27610,3547134552,scissors
496,train_landmark_files/27610/2725488500.parquet,27610,2725488500,scissors
497,train_landmark_files/27610/2362255438.parquet,27610,2362255438,scissors
498,train_landmark_files/27610/1064545246.parquet,27610,1064545246,scissors
499,train_landmark_files/27610/137462311.parquet,27610,137462311,scissors
500,train_landmark_files/4718/1081829273.parquet,4718,1081829273,scissors
501,train_landmark_files/4718/1879088798.parquet,4718,1879088798,scissors
502,train_landmark_files/4718/2814322791.parquet,4718,2814322791,scissors
503,train_landmark_files/4718/2462294708.parquet,4718,2462294708,scissors
504,train_landmark_files/4718/3123173871.parquet,4718,3123173871,scissors
505,train_landmark_files/4718/4263821910.parquet,4718,4263821910,scissors
506,train_landmark_files/4718/1962544005.parquet,4718,1962544005,scissors
507,train_landmark_files/4718/3026501313.parquet,4718,3026501313,scissors
508,train_landmark_files/4718/3356240525.parquet,4718,3356240525,scissors
509,train_landmark_files/4718/2137746679.parquet,4718,2137746679,scissors
510,train_landmark_files/30680/809007603.parquet,30680,809007603,scissors
511,train_landmark_files/30680/3022034033.parquet,30680,3022034033,scissors
512,train_landmark_files/30680/1401028871.parquet,30680,1401028871,scissors
513,train_landmark_files/30680/3568278216.parquet,30680,3568278216,scissors
514,train_landmark_files/30680/3074254078.parquet,30680,3074254078,scissors
515,train_landmark_files/30680/2028786543.parquet,30680,2028786543,scissors
516,train_landmark_files/30680/1932481344.parquet,30680,1932481344,scissors
517,train_landmark_files/30680/1083237907.parquet,30680,1083237907,scissors
518,train_landmark_files/30680/2040401721.parquet,30680,2040401721,scissors
519,train_landmark_files/30680/3687844993.parquet,30680,3687844993,scissors
520,train_landmark_files/28656/3133031528.parquet,28656,3133031528,scissors
521,train_landmark_files/28656/747763884.parquet,28656,747763884,scissors
522,train_landmark_files/28656/778937547.parquet,28656,778937547,scissors
523,train_landmark_files/28656/632445498.parquet,28656,632445498,scissors
524,train_landmark_files/28656/4126189469.parquet,28656,4126189469,scissors
525,train_landmark_files/28656/1095071338.parquet,28656,1095071338,scissors
526,train_landmark_files/28656/2643225559.parquet,28656,2643225559,scissors
527,train_landmark_files/28656/833376522.parquet,28656,833376522,scissors
528,train_landmark_files/28656/3959088341.parquet,28656,3959088341,scissors
529,train_landmark_files/28656/266795602.parquet,28656,266795602,scissors
530,train_landmark_files/61333/1567225615.parquet,61333,1567225615,scissors
531,train_landmark_files/61333/3845261827.parquet,61333,3845261827,scissors
532,train_landmark_files/61333/1391932417.parquet,61333,1391932417,scissors
533,train_landmark_files/61333/4053742463.parquet,61333,4053742463,scissors
534,train_landmark_files/61333/1444028430.parquet,61333,1444028430,scissors
535,train_landmark_files/61333/2451126196.parquet,61333,2451126196,scissors
536,train_landmark_files/61333/2080605939.parquet,61333,2080605939,scissors
537,train_landmark_files/61333/1118645042.parquet,61333,1118645042,scissors
538,train_landmark_files/61333/4280234214.parquet,61333,4280234214,scissors
539,train_landmark_files/61333/1854136856.parquet,61333,1854136856,scissors
540,train_landmark_files/37055/2898722876.parquet,37055,2898722876,scissors
541,train_landmark_files/37055/2664656588.parquet,37055,2664656588,scissors
542,train_landmark_files/37055/2024252059.parquet,37055,2024252059,scissors
543,train_landmark_files/37055/488043026.parquet,37055,488043026,scissors
544,train_landmark_files/37055/3667280166.parquet,37055,3667280166,scissors
545,train_landmark_files/37055/247810972.parquet,37055,247810972,scissors
546,train_landmark_files/37055/3115748063.parquet,37055,3115748063,scissors
547,train_landmark_files/37055/1674552191.parquet,37055,1674552191,scissors
548,train_landmark_files/37055/1177774551.parquet,37055,1177774551,scissors
549,train_landmark_files/37055/2420354738.parquet,37055,2420354738,scissors
550,train_landmark_files/36257/2061540955.parquet,36257,2061540955,scissors
551,train_landmark_files/36257/2922485227.parquet,36257,2922485227,scissors
552,train_landmark_files/36257/1279168086.parquet,36257,1279168086,scissors
553,train_landmark_files/36257/478003755.parquet,36257,478003755,scissors
554,train_landmark_files/36257/3500563039.parquet,36257,3500563039,scissors
555,train_landmark_files/36257/3104658412.parquet,36257,3104658412,scissors
556,train_landmark_files/36257/2378569636.parquet,36257,2378569636,scissors
557,train_landmark_files/36257/1179724366.parquet,36257,1179724366,scissors
558,train_landmark_files/36257/1182837574.parquet,36257,1182837574,scissors
559,train_landmark_files/36257/2182856853.parquet,36257,2182856853,scissors
560,train_landmark_files/49445/467312559.parquet,49445,467312559,scissors
561,train_landmark_files/49445/928896296.parquet,49445,928896296,scissors
562,train_landmark_files/49445/2372198921.parquet,49445,2372198921,scissors
563,train_landmark_files/49445/649012145.parquet,49445,649012145,scissors
564,train_landmark_files/49445/2822311450.parquet,49445,2822311450,scissors
565,train_landmark_files/49445/1546650762.parquet,49445,1546650762,scissors
566,train_landmark_files/49445/2784394301.parquet,49445,2784394301,scissors
567,train_landmark_files/49445/811223851.parquet,49445,811223851,scissors
568,train_landmark_files/49445/3830933521.parquet,49445,3830933521,scissors
569,train_landmark_files/49445/2492733071.parquet,49445,2492733071,scissors
570,train_landmark_files/53618/950964105.parquet,53618,950964105,scissors
571,train_landmark_files/53618/1469422629.parquet,53618,1469422629,scissors
572,train_landmark_files/53618/1898556875.parquet,53618,1898556875,scissors
573,train_landmark_files/53618/3082358797.parquet,53618,3082358797,scissors
574,train_landmark_files/53618/2854343709.parquet,53618,2854343709,scissors
575,train_landmark_files/53618/2110740769.parquet,53618,2110740769,scissors
576,train_landmark_files/53618/2240837994.parquet,53618,2240837994,scissors
577,train_landmark_files/53618/587077115.parquet,53618,587077115,scissors
578,train_landmark_files/53618/245192201.parquet,53618,245192201,scissors
579,train_landmark_files/53618/328522060.parquet,53618,328522060,scissors
580,train_landmark_files/55372/1383609297.parquet,55372,1383609297,scissors
581,train_landmark_files/55372/2919030778.parquet,55372,2919030778,scissors
582,train_landmark_files/55372/2315024638.parquet,55372,2315024638,scissors
583,train_landmark_files/55372/1669279253.parquet,55372,1669279253,scissors
584,train_landmark_files/55372/1202409651.parquet,55372,1202409651,scissors
585,train_landmark_files/55372/3980769263.parquet,55372,3980769263,scissors
586,train_landmark_files/55372/4142783750.parquet,55372,4142783750,scissors
587,train_landmark_files/55372/3099301597.parquet,55372,3099301597,scissors
588,train_landmark_files/55372/3360268939.parquet,55372,3360268939,scissors
589,train_landmark_files/55372/3246961162.parquet,55372,3246961162,scissors
590,train_landmark_files/34503/3855793876.parquet,34503,3855793876,scissors
591,train_landmark_files/34503/4197416326.parquet,34503,4197416326,scissors
592,train_landmark_files/34503/1491917577.parquet,34503,1491917577,scissors
593,train_landmark_files/34503/429577301.parquet,34503,429577301,scissors
594,train_landmark_files/34503/3258361102.parquet,34503,3258361102,scissors
595,train_landmark_files/34503/37729787.parquet,34503,37729787,scissors
596,train_landmark_files/34503/620054049.parquet,34503,620054049,scissors
597,train_landmark_files/34503/976199558.parquet,34503,976199558,scissors
598,train_landmark_files/34503/2759772886.parquet,34503,2759772886,scissors
599,train_landmark_files/34503/2437353127.parquet,34503,2437353127,scissors
600,train_landmark_files/25571/1807907684.parquet,25571,1807907684,scissors
601,train_landmark_files/25571/3044773289.parquet,25571,3044773289,scissors
602,train_landmark_files/25571/2597657291.parquet,25571,2597657291,scissors
603,train_landmark_files/25571/1268836154.parquet,25571,1268836154,scissors
604,train_landmark_files/25571/1428237377.parquet,25571,1428237377,scissors
605,train_landmark_files/25571/395476331.parquet,25571,395476331,scissors
606,train_landmark_files/25571/909954744.parquet,25571,909954744,scissors
607,train_landmark_files/25571/1316240808.parquet,25571,1316240808,scissors
608,train_landmark_files/25571/2934532401.parquet,25571,2934532401,scissors
609,train_landmark_files/25571/3725877902.parquet,25571,3725877902,scissors
610,train_landmark_files/2044/1949220355.parquet,2044,1949220355,scissors
611,train_landmark_files/2044/714434890.parquet,2044,714434890,scissors
612,train_landmark_files/2044/3421933452.parquet,2044,3421933452,scissors
613,train_landmark_files/2044/3461145476.parquet,2044,3461145476,scissors
614,train_landmark_files/2044/1553370401.parquet,2044,1553370401,scissors
615,train_landmark_files/2044/4239860633.parquet,2044,4239860633,scissors
616,train_landmark_files/2044/2886091096.parquet,2044,2886091096,scissors
617,train_landmark_files/2044/3627559798.parquet,2044,3627559798,scissors
618,train_landmark_files/2044/1336019668.parquet,2044,1336019668,scissors
619,train_landmark_files/2044/2528107925.parquet,2044,2528107925,scissors
620,train_landmark_files/16069/3615212191.parquet,16069,3615212191,scissors
621,train_landmark_files/16069/491756442.parquet,16069,491756442,scissors
622,train_landmark_files/16069/387739867.parquet,16069,387739867,scissors
623,train_landmark_files/16069/4143269411.parquet,16069,4143269411,scissors
624,train_landmark_files/16069/2872553973.parquet,16069,2872553973,scissors
625,train_landmark_files/16069/318803043.parquet,16069,318803043,scissors
626,train_landmark_files/16069/2102186012.parquet,16069,2102186012,scissors
627,train_landmark_files/16069/2562663386.parquet,16069,2562663386,scissors
628,train_landmark_files/16069/2738582289.parquet,16069,2738582289,scissors
629,train_landmark_files/16069/1916178682.parquet,16069,1916178682,scissors
630,train_landmark_files/18796/3997815258.parquet,18796,3997815258,icecream
631,train_landmark_files/18796/2850533204.parquet,18796,2850533204,icecream
632,train_landmark_files/18796/2695415252.parquet,18796,2695415252,icecream
633,train_landmark_files/18796/3898756318.parquet,18796,3898756318,icecream
634,train_landmark_files/18796/3742309280.parquet,18796,3742309280,icecream
635,train_landmark_files/18796/2892854108.parquet,18796,2892854108,icecream
636,train_landmark_files/18796/616995066.parquet,18796,616995066,icecream
637,train_landmark_files/18796/666435494.parquet,18796,666435494,icecream
638,train_landmark_files/18796/2127524745.parquet,18796,2127524745,icecream
639,train_landmark_files/18796/1812582924.parquet,18796,1812582924,icecream
640,train_landmark_files/34503/814025244.parquet,34503,814025244,icecream
641,train_landmark_files/34503/3743801554.parquet,34503,3743801554,icecream
642,train_landmark_files/34503/2321800648.parquet,34503,2321800648,icecream
643,train_landmark_files/34503/1293134518.parquet,34503,1293134518,icecream
644,train_landmark_files/34503/2977165019.parquet,34503,2977165019,icecream
645,train_landmark_files/34503/2299639657.parquet,34503,2299639657,icecream
646,train_landmark_files/34503/102431712.parquet,34503,102431712,icecream
647,train_landmark_files/34503/3125975812.parquet,34503,3125975812,icecream
648,train_landmark_files/34503/1247888332.parquet,34503,1247888332,icecream
649,train_landmark_files/34503/324723188.parquet,34503,324723188,icecream
650,train_landmark_files/2044/2616048842.parquet,2044,2616048842,icecream
651,train_landmark_files/2044/222450363.parquet,2044,222450363,icecream
652,train_landmark_files/2044/1572162814.parquet,2044,1572162814,icecream
653,train_landmark_files/2044/2482427405.parquet,2044,2482427405,icecream
654,train_landmark_files/2044/2588486179.parquet,2044,2588486179,icecream
655,train_landmark_files/2044/4011195524.parquet,2044,4011195524,icecream
656,train_landmark_files/2044/212748771.parquet,2044,212748771,icecream
657,train_landmark_files/2044/3846562548.parquet,2044,3846562548,icecream
658,train_landmark_files/2044/2897568224.parquet,2044,2897568224,icecream
659,train_landmark_files/2044/4033045552.parquet,2044,4033045552,icecream
660,train_landmark_files/62590/1335147171.parquet,62590,1335147171,icecream
661,train_landmark_files/62590/696438700.parquet,62590,696438700,icecream
662,train_landmark_files/62590/3827208862.parquet,62590,3827208862,icecream
663,train_landmark_files/62590/3456494496.parquet,62590,3456494496,icecream
664,train_landmark_files/62590/1334643856.parquet,62590,1334643856,icecream
665,train_landmark_files/62590/811186756.parquet,62590,811186756,icecream
666,train_landmark_files/62590/2439798669.parquet,62590,2439798669,icecream
667,train_landmark_files/62590/1958070221.parquet,62590,1958070221,icecream
668,train_landmark_files/62590/1415774795.parquet,62590,1415774795,icecream
669,train_landmark_files/62590/1174132205.parquet,62590,1174132205,icecream
670,train_landmark_files/27610/673564329.parquet,27610,673564329,icecream
671,train_landmark_files/27610/3222271237.parquet,27610,3222271237,icecream
672,train_landmark_files/27610/1043917700.parquet,27610,1043917700,icecream
673,train_landmark_files/27610/3615221042.parquet,27610,3615221042,icecream
674,train_landmark_files/27610/2751326766.parquet,27610,2751326766,icecream
675,train_landmark_files/27610/3218944724.parquet,27610,3218944724,icecream
676,train_landmark_files/27610/1671040385.parquet,27610,1671040385,icecream
677,train_landmark_files/27610/4035410962.parquet,27610,4035410962,icecream
678,train_landmark_files/27610/3129527241.parquet,27610,3129527241,icecream
679,train_landmark_files/27610/110412853.parquet,27610,110412853,icecream
680,train_landmark_files/30680/923408792.parquet,30680,923408792,icecream
681,train_landmark_files/30680/97860658.parquet,30680,97860658,icecream
682,train_landmark_files/30680/2397434577.parquet,30680,2397434577,icecream
683,train_landmark_files/30680/426862728.parquet,30680,426862728,icecream
684,train_landmark_files/30680/2532728936.parquet,30680,2532728936,icecream
685,train_landmark_files/30680/1641086266.parquet,30680,1641086266,icecream
686,train_landmark_files/30680/4268874807.parquet,30680,4268874807,icecream
687,train_landmark_files/30680/1552621968.parquet,30680,1552621968,icecream
688,train_landmark_files/30680/4061047417.parquet,30680,4061047417,icecream
689,train_landmark_files/30680/600218146.parquet,30680,600218146,icecream
690,train_landmark_files/36257/4128453996.parquet,36257,4128453996,icecream
691,train_landmark_files/36257/2056135464.parquet,36257,2056135464,icecream
692,train_landmark_files/36257/595603483.parquet,36257,595603483,icecream
693,train_landmark_files/36257/998324375.parquet,36257,998324375,icecream
694,train_landmark_files/36257/3765730108.parquet,36257,3765730108,icecream
695,train_landmark_files/36257/355614536.parquet,36257,355614536,icecream
696,train_landmark_files/36257/3206224438.parquet,36257,3206224438,icecream
697,train_landmark_files/36257/1451286499.parquet,36257,1451286499,icecream
698,train_landmark_files/36257/3344900361.parquet,36257,3344900361,icecream
699,train_landmark_files/36257/2665580357.parquet,36257,2665580357,icecream
700,train_landmark_files/29302/578929749.parquet,29302,578929749,icecream
701,train_landmark_files/29302/2821288951.parquet,29302,2821288951,icecream
702,train_landmark_files/29302/939550098.parquet,29302,939550098,icecream
703,train_landmark_files/29302/552597243.parquet,29302,552597243,icecream
704,train_landmark_files/29302/2152399608.parquet,29302,2152399608,icecream
705,train_landmark_files/29302/228348633.parquet,29302,228348633,icecream
706,train_landmark_files/29302/1087009183.parquet,29302,1087009183,icecream
707,train_landmark_files/29302/882842734.parquet,29302,882842734,icecream
708,train_landmark_files/29302/2630072172.parquet,29302,2630072172,icecream
709,train_landmark_files/29302/1478228634.parquet,29302,1478228634,icecream
710,train_landmark_files/37779/203322033.parquet,37779,203322033,icecream
711,train_landmark_files/37779/2737442305.parquet,37779,2737442305,icecream
712,train_landmark_files/37779/2659989097.parquet,37779,2659989097,icecream
713,train_landmark_files/37779/3107525979.parquet,37779,3107525979,icecream
714,train_landmark_files/37779/1095608565.parquet,37779,1095608565,icecream
715,train_landmark_files/37779/601700501.parquet,37779,601700501,icecream
716,train_landmark_files/37779/3029051767.parquet,37779,3029051767,icecream
717,train_landmark_files/37779/3639977470.parquet,37779,3639977470,icecream
718,train_landmark_files/37779/2830816173.parquet,37779,2830816173,icecream
719,train_landmark_files/37779/3767118900.parquet,37779,3767118900,icecream
720,train_landmark_files/4718/139980750.parquet,4718,139980750,icecream
721,train_landmark_files/4718/3947951068.parquet,4718,3947951068,icecream
722,train_landmark_files/4718/3431080611.parquet,4718,3431080611,icecream
723,train_landmark_files/4718/1979151814.parquet,4718,1979151814,icecream
724,train_landmark_files/4718/2890075808.parquet,4718,2890075808,icecream
725,train_landmark_files/4718/582556033.parquet,4718,582556033,icecream
726,train_landmark_files/4718/701202121.parquet,4718,701202121,icecream
727,train_landmark_files/4718/495322693.parquet,4718,495322693,icecream
728,train_landmark_files/4718/1695897633.parquet,4718,1695897633,icecream
729,train_landmark_files/4718/2991427319.parquet,4718,2991427319,icecream
730,train_landmark_files/55372/642713084.parquet,55372,642713084,icecream
731,train_landmark_files/55372/1994788636.parquet,55372,1994788636,icecream
732,train_landmark_files/55372/766749545.parquet,55372,766749545,icecream
733,train_landmark_files/55372/3171968813.parquet,55372,3171968813,icecream
734,train_landmark_files/55372/2107608913.parquet,55372,2107608913,icecream
735,train_landmark_files/55372/2144317250.parquet,55372,2144317250,icecream
736,train_landmark_files/55372/2639797028.parquet,55372,2639797028,icecream
737,train_landmark_files/55372/3759527690.parquet,55372,3759527690,icecream
738,train_landmark_files/55372/2294574185.parquet,55372,2294574185,icecream
739,train_landmark_files/55372/1998223809.parquet,55372,1998223809,icecream
740,train_landmark_files/53618/789832776.parquet,53618,789832776,icecream
741,train_landmark_files/53618/250778713.parquet,53618,250778713,icecream
742,train_landmark_files/53618/3126374712.parquet,53618,3126374712,icecream
743,train_landmark_files/53618/116274259.parquet,53618,116274259,icecream
744,train_landmark_files/53618/3388287515.parquet,53618,3388287515,icecream
745,train_landmark_files/53618/2980512743.parquet,53618,2980512743,icecream
746,train_landmark_files/53618/1491326655.parquet,53618,1491326655,icecream
747,train_landmark_files/53618/3657594764.parquet,53618,3657594764,icecream
748,train_landmark_files/53618/519118186.parquet,53618,519118186,icecream
749,train_landmark_files/53618/1823070602.parquet,53618,1823070602,icecream
750,train_landmark_files/49445/2004451437.parquet,49445,2004451437,icecream
751,train_landmark_files/49445/2920542401.parquet,49445,2920542401,icecream
752,train_landmark_files/49445/3571328475.parquet,49445,3571328475,icecream
753,train_landmark_files/49445/1236720093.parquet,49445,1236720093,icecream
754,train_landmark_files/49445/1381626763.parquet,49445,1381626763,icecream
755,train_landmark_files/49445/2323484589.parquet,49445,2323484589,icecream
756,train_landmark_files/49445/3535684445.parquet,49445,3535684445,icecream
757,train_landmark_files/49445/3676625267.parquet,49445,3676625267,icecream
758,train_landmark_files/49445/1734267872.parquet,49445,1734267872,icecream
759,train_landmark_files/49445/4092560907.parquet,49445,4092560907,icecream
760,train_landmark_files/22343/3509682929.parquet,22343,3509682929,icecream
761,train_landmark_files/22343/2173888917.parquet,22343,2173888917,icecream
762,train_landmark_files/22343/2944222012.parquet,22343,2944222012,icecream
763,train_landmark_files/22343/3792432633.parquet,22343,3792432633,icecream
764,train_landmark_files/22343/2645949399.parquet,22343,2645949399,icecream
765,train_landmark_files/22343/563080445.parquet,22343,563080445,icecream
766,train_landmark_files/22343/3976300432.parquet,22343,3976300432,icecream
767,train_landmark_files/22343/3857340368.parquet,22343,3857340368,icecream
768,train_landmark_files/22343/1647777192.parquet,22343,1647777192,icecream
769,train_landmark_files/22343/3018970535.parquet,22343,3018970535,icecream
770,train_landmark_files/37055/3200524240.parquet,37055,3200524240,icecream
771,train_landmark_files/37055/4278047868.parquet,37055,4278047868,icecream
772,train_landmark_files/37055/3088692229.parquet,37055,3088692229,icecream
773,train_landmark_files/37055/2866877474.parquet,37055,2866877474,icecream
774,train_landmark_files/37055/58711901.parquet,37055,58711901,icecream
775,train_landmark_files/37055/748632530.parquet,37055,748632530,icecream
776,train_landmark_files/37055/2177027127.parquet,37055,2177027127,icecream
777,train_landmark_files/37055/3463825257.parquet,37055,3463825257,icecream
778,train_landmark_files/37055/3292970742.parquet,37055,3292970742,icecream
779,train_landmark_files/37055/1290966776.parquet,37055,1290966776,icecream
780,train_landmark_files/26734/2810032408.parquet,26734,2810032408,icecream
781,train_landmark_files/26734/800334718.parquet,26734,800334718,icecream
782,train_landmark_files/26734/3310870654.parquet,26734,3310870654,icecream
783,train_landmark_files/26734/1253962955.parquet,26734,1253962955,icecream
784,train_landmark_files/26734/2058811462.parquet,26734,2058811462,icecream
785,train_landmark_files/26734/941393911.parquet,26734,941393911,icecream
786,train_landmark_files/26734/2768093022.parquet,26734,2768093022,icecream
787,train_landmark_files/26734/2524033539.parquet,26734,2524033539,icecream
788,train_landmark_files/26734/4215566299.parquet,26734,4215566299,icecream
789,train_landmark_files/26734/2290215090.parquet,26734,2290215090,icecream
790,train_landmark_files/28656/3491714185.parquet,28656,3491714185,icecream
791,train_landmark_files/28656/424808989.parquet,28656,424808989,icecream
792,train_landmark_files/28656/1467214933.parquet,28656,1467214933,icecream
793,train_landmark_files/28656/3229757749.parquet,28656,3229757749,icecream
794,train_landmark_files/28656/4251617175.parquet,28656,4251617175,icecream
795,train_landmark_files/28656/1257349544.parquet,28656,1257349544,icecream
796,train_landmark_files/28656/141625093.parquet,28656,141625093,icecream
797,train_landmark_files/28656/597437704.parquet,28656,597437704,icecream
798,train_landmark_files/28656/3441961045.parquet,28656,3441961045,icecream
799,train_landmark_files/28656/2178625405.parquet,28656,2178625405,icecream
800,train_landmark_files/16069/549903301.parquet,16069,549903301,icecream
801,train_landmark_files/16069/853681022.parquet,16069,853681022,icecream
802,train_landmark_files/16069/2977345301.parquet,16069,2977345301,icecream
803,train_landmark_files/16069/4081557008.parquet,16069,4081557008,icecream
804,train_landmark_files/16069/696163407.parquet,16069,696163407,icecream
805,train_landmark_files/16069/1972489802.parquet,16069,1972489802,icecream
806,train_landmark_files/16069/3658534447.parquet,16069,3658534447,icecream
807,train_landmark_files/16069/1749383443.parquet,16069,1749383443,icecream
808,train_landmark_files/16069/3349930583.parquet,16069,3349930583,icecream
809,train_landmark_files/16069/2626876865.parquet,16069,2626876865,icecream
810,train_landmark_files/25571/2296690927.parquet,25571,2296690927,icecream
811,train_landmark_files/25571/2357362094.parquet,25571,2357362094,icecream
812,train_landmark_files/25571/89372952.parquet,25571,89372952,icecream
813,train_landmark_files/25571/3309146901.parquet,25571,3309146901,icecream
814,train_landmark_files/25571/2184666189.parquet,25571,2184666189,icecream
815,train_landmark_files/25571/3843107839.parquet,25571,3843107839,icecream
816,train_landmark_files/25571/1544315455.parquet,25571,1544315455,icecream
817,train_landmark_files/25571/659799685.parquet,25571,659799685,icecream
818,train_landmark_files/25571/3805965386.parquet,25571,3805965386,icecream
819,train_landmark_files/25571/2654587139.parquet,25571,2654587139,icecream
820,train_landmark_files/32319/3042455418.parquet,32319,3042455418,icecream
821,train_landmark_files/32319/3222043991.parquet,32319,3222043991,icecream
822,train_landmark_files/32319/3110182855.parquet,32319,3110182855,icecream
823,train_landmark_files/32319/1646407467.parquet,32319,1646407467,icecream
824,train_landmark_files/32319/2814895419.parquet,32319,2814895419,icecream
825,train_landmark_files/32319/3186913433.parquet,32319,3186913433,icecream
826,train_landmark_files/32319/609685986.parquet,32319,609685986,icecream
827,train_landmark_files/32319/3424930793.parquet,32319,3424930793,icecream
828,train_landmark_files/32319/2737171803.parquet,32319,2737171803,icecream
829,train_landmark_files/32319/3019383666.parquet,32319,3019383666,icecream
830,train_landmark_files/61333/1650982216.parquet,61333,1650982216,icecream
831,train_landmark_files/61333/751411473.parquet,61333,751411473,icecream
832,train_landmark_files/61333/3786633067.parquet,61333,3786633067,icecream
833,train_landmark_files/61333/4110493943.parquet,61333,4110493943,icecream
834,train_landmark_files/61333/4101539653.parquet,61333,4101539653,icecream
835,train_landmark_files/61333/496439333.parquet,61333,496439333,icecream
836,train_landmark_files/61333/974966165.parquet,61333,974966165,icecream
837,train_landmark_files/61333/664019416.parquet,61333,664019416,icecream
838,train_landmark_files/61333/1697302600.parquet,61333,1697302600,icecream
839,train_landmark_files/61333/882993123.parquet,61333,882993123,icecream
840,train_landmark_files/27610/3284443068.parquet,27610,3284443068,story
841,train_landmark_files/27610/1710798939.parquet,27610,1710798939,story
842,train_landmark_files/27610/2300735976.parquet,27610,2300735976,story
843,train_landmark_files/27610/4002657711.parquet,27610,4002657711,story
844,train_landmark_files/27610/3787987450.parquet,27610,3787987450,story
845,train_landmark_files/27610/901155438.parquet,27610,901155438,story
846,train_landmark_files/27610/2749547804.parquet,27610,2749547804,story
847,train_landmark_files/27610/3303008363.parquet,27610,3303008363,story
848,train_landmark_files/27610/3315208506.parquet,27610,3315208506,story
849,train_landmark_files/27610/2385590545.parquet,27610,2385590545,story
850,train_landmark_files/29302/2446303690.parquet,29302,2446303690,story
851,train_landmark_files/29302/1994421240.parquet,29302,1994421240,story
852,train_landmark_files/29302/2083349620.parquet,29302,2083349620,story
853,train_landmark_files/29302/1221229562.parquet,29302,1221229562,story
854,train_landmark_files/29302/3809609305.parquet,29302,3809609305,story
855,train_landmark_files/29302/3208657791.parquet,29302,3208657791,story
856,train_landmark_files/29302/203325726.parquet,29302,203325726,story
857,train_landmark_files/29302/1729404480.parquet,29302,1729404480,story
858,train_landmark_files/29302/3387006194.parquet,29302,3387006194,story
859,train_landmark_files/29302/3926414321.parquet,29302,3926414321,story
860,train_landmark_files/34503/1225999389.parquet,34503,1225999389,story
861,train_landmark_files/34503/2984799733.parquet,34503,2984799733,story
862,train_landmark_files/34503/4011463366.parquet,34503,4011463366,story
863,train_landmark_files/34503/359416298.parquet,34503,359416298,story
864,train_landmark_files/34503/975664538.parquet,34503,975664538,story
865,train_landmark_files/34503/4092687763.parquet,34503,4092687763,story
866,train_landmark_files/34503/4105999730.parquet,34503,4105999730,story
867,train_landmark_files/34503/1754079457.parquet,34503,1754079457,story
868,train_landmark_files/34503/1705995569.parquet,34503,1705995569,story
869,train_landmark_files/34503/4093455804.parquet,34503,4093455804,story
870,train_landmark_files/22343/75455316.parquet,22343,75455316,story
871,train_landmark_files/22343/1167121892.parquet,22343,1167121892,story
872,train_landmark_files/22343/1873174676.parquet,22343,1873174676,story
873,train_landmark_files/22343/2141643809.parquet,22343,2141643809,story
874,train_landmark_files/22343/3153781766.parquet,22343,3153781766,story
875,train_landmark_files/22343/216009887.parquet,22343,216009887,story
876,train_landmark_files/22343/3455974875.parquet,22343,3455974875,story
877,train_landmark_files/22343/1452395695.parquet,22343,1452395695,story
878,train_landmark_files/22343/377646355.parquet,22343,377646355,story
879,train_landmark_files/22343/2012604641.parquet,22343,2012604641,story
880,train_landmark_files/62590/1857975116.parquet,62590,1857975116,story
881,train_landmark_files/62590/150831168.parquet,62590,150831168,story
882,train_landmark_files/62590/4237053440.parquet,62590,4237053440,story
883,train_landmark_files/62590/3250351128.parquet,62590,3250351128,story
884,train_landmark_files/62590/110810204.parquet,62590,110810204,story
885,train_landmark_files/62590/1322104063.parquet,62590,1322104063,story
886,train_landmark_files/62590/629255132.parquet,62590,629255132,story
887,train_landmark_files/62590/1625122552.parquet,62590,1625122552,story
888,train_landmark_files/62590/711300886.parquet,62590,711300886,story
889,train_landmark_files/62590/2637789149.parquet,62590,2637789149,story
890,train_landmark_files/26734/3972962925.parquet,26734,3972962925,story
891,train_landmark_files/26734/280780904.parquet,26734,280780904,story
892,train_landmark_files/26734/2001316775.parquet,26734,2001316775,story
893,train_landmark_files/26734/932303604.parquet,26734,932303604,story
894,train_landmark_files/26734/3652422065.parquet,26734,3652422065,story
895,train_landmark_files/26734/3538897092.parquet,26734,3538897092,story
896,train_landmark_files/26734/2535647074.parquet,26734,2535647074,story
897,train_landmark_files/26734/1215705202.parquet,26734,1215705202,story
898,train_landmark_files/26734/3704296993.parquet,26734,3704296993,story
899,train_landmark_files/26734/866253738.parquet,26734,866253738,story
900,train_landmark_files/53618/3970383699.parquet,53618,3970383699,story
901,train_landmark_files/53618/1922039598.parquet,53618,1922039598,story
902,train_landmark_files/53618/2673460074.parquet,53618,2673460074,story
903,train_landmark_files/53618/1061458772.parquet,53618,1061458772,story
904,train_landmark_files/53618/2078434079.parquet,53618,2078434079,story
905,train_landmark_files/53618/1787075480.parquet,53618,1787075480,story
906,train_landmark_files/53618/1776106474.parquet,53618,1776106474,story
907,train_landmark_files/53618/129271665.parquet,53618,129271665,story
908,train_landmark_files/53618/1687962972.parquet,53618,1687962972,story
909,train_landmark_files/53618/835460538.parquet,53618,835460538,story
910,train_landmark_files/61333/1426083865.parquet,61333,1426083865,story
911,train_landmark_files/61333/2406100413.parquet,61333,2406100413,story
912,train_landmark_files/61333/2432447784.parquet,61333,2432447784,story
913,train_landmark_files/61333/2116221876.parquet,61333,2116221876,story
914,train_landmark_files/61333/3629702829.parquet,61333,3629702829,story
915,train_landmark_files/61333/2888669636.parquet,61333,2888669636,story
916,train_landmark_files/61333/851476379.parquet,61333,851476379,story
917,train_landmark_files/61333/1063194632.parquet,61333,1063194632,story
918,train_landmark_files/61333/1363794747.parquet,61333,1363794747,story
919,train_landmark_files/61333/3346662626.parquet,61333,3346662626,story
920,train_landmark_files/30680/1516251015.parquet,30680,1516251015,story
921,train_landmark_files/30680/2496710543.parquet,30680,2496710543,story
922,train_landmark_files/30680/1679543742.parquet,30680,1679543742,story
923,train_landmark_files/30680/3092413042.parquet,30680,3092413042,story
924,train_landmark_files/30680/2706490220.parquet,30680,2706490220,story
925,train_landmark_files/30680/937176940.parquet,30680,937176940,story
926,train_landmark_files/30680/1069134842.parquet,30680,1069134842,story
927,train_landmark_files/30680/355238078.parquet,30680,355238078,story
928,train_landmark_files/30680/3125701356.parquet,30680,3125701356,story
929,train_landmark_files/30680/948183940.parquet,30680,948183940,story
930,train_landmark_files/49445/3532956273.parquet,49445,3532956273,story
931,train_landmark_files/49445/4073456789.parquet,49445,4073456789,story
932,train_landmark_files/49445/4200085780.parquet,49445,4200085780,story
933,train_landmark_files/49445/288895445.parquet,49445,288895445,story
934,train_landmark_files/49445/1077206065.parquet,49445,1077206065,story
935,train_landmark_files/49445/4175168907.parquet,49445,4175168907,story
936,train_landmark_files/49445/1444199421.parquet,49445,1444199421,story
937,train_landmark_files/49445/312299517.parquet,49445,312299517,story
938,train_landmark_files/49445/392118235.parquet,49445,392118235,story
939,train_landmark_files/49445/460417348.parquet,49445,460417348,story
940,train_landmark_files/37055/1425538063.parquet,37055,1425538063,story
941,train_landmark_files/37055/185278006.parquet,37055,185278006,story
942,train_landmark_files/37055/4248812966.parquet,37055,4248812966,story
943,train_landmark_files/37055/3264085334.parquet,37055,3264085334,story
944,train_landmark_files/37055/2864037730.parquet,37055,2864037730,story
945,train_landmark_files/37055/1612217488.parquet,37055,1612217488,story
946,train_landmark_files/37055/3396516234.parquet,37055,3396516234,story
947,train_landmark_files/37055/1868787882.parquet,37055,1868787882,story
948,train_landmark_files/37055/4294310786.parquet,37055,4294310786,story
949,train_landmark_files/37055/588273343.parquet,37055,588273343,story
950,train_landmark_files/28656/91764121.parquet,28656,91764121,story
951,train_landmark_files/28656/1112155903.parquet,28656,1112155903,story
952,train_landmark_files/28656/1290551922.parquet,28656,1290551922,story
953,train_landmark_files/28656/2427723943.parquet,28656,2427723943,story
954,train_landmark_files/28656/2171976572.parquet,28656,2171976572,story
955,train_landmark_files/28656/3751712768.parquet,28656,3751712768,story
956,train_landmark_files/28656/3698725151.parquet,28656,3698725151,story
957,train_landmark_files/28656/3631542543.parquet,28656,3631542543,story
958,train_landmark_files/28656/944048945.parquet,28656,944048945,story
959,train_landmark_files/28656/1962882275.parquet,28656,1962882275,story
960,train_landmark_files/16069/2925740277.parquet,16069,2925740277,story
961,train_landmark_files/16069/2558052914.parquet,16069,2558052914,story
962,train_landmark_files/16069/1922950699.parquet,16069,1922950699,story
963,train_landmark_files/16069/3619406126.parquet,16069,3619406126,story
964,train_landmark_files/16069/64583934.parquet,16069,64583934,story
965,train_landmark_files/16069/4234043771.parquet,16069,4234043771,story
966,train_landmark_files/16069/4012572186.parquet,16069,4012572186,story
967,train_landmark_files/16069/2298734540.parquet,16069,2298734540,story
968,train_landmark_files/16069/911824076.parquet,16069,911824076,story
969,train_landmark_files/16069/3878525014.parquet,16069,3878525014,story
970,train_landmark_files/32319/267993551.parquet,32319,267993551,story
971,train_landmark_files/32319/357298749.parquet,32319,357298749,story
972,train_landmark_files/32319/1502320451.parquet,32319,1502320451,story
973,train_landmark_files/32319/2463304656.parquet,32319,2463304656,story
974,train_landmark_files/32319/1571670324.parquet,32319,1571670324,story
975,train_landmark_files/32319/2408447283.parquet,32319,2408447283,story
976,train_landmark_files/32319/990493914.parquet,32319,990493914,story
977,train_landmark_files/32319/2585069963.parquet,32319,2585069963,story
978,train_landmark_files/32319/1154855562.parquet,32319,1154855562,story
979,train_landmark_files/32319/481961493.parquet,32319,481961493,story
980,train_landmark_files/2044/4158220615.parquet,2044,4158220615,story
981,train_landmark_files/2044/1232584882.parquet,2044,1232584882,story
982,train_landmark_files/2044/3519921351.parquet,2044,3519921351,story
983,train_landmark_files/2044/2722568653.parquet,2044,2722568653,story
984,train_landmark_files/2044/295892865.parquet,2044,295892865,story
985,train_landmark_files/2044/3533457666.parquet,2044,3533457666,story
986,train_landmark_files/2044/4192524241.parquet,2044,4192524241,story
987,train_landmark_files/2044/1467852565.parquet,2044,1467852565,story
988,train_landmark_files/2044/493713485.parquet,2044,493713485,story
989,train_landmark_files/2044/3676824532.parquet,2044,3676824532,story
990,train_landmark_files/4718/1705937164.parquet,4718,1705937164,story
991,train_landmark_files/4718/2520523233.parquet,4718,2520523233,story
992,train_landmark_files/4718/143993584.parquet,4718,143993584,story
993,train_landmark_files/4718/2368814409.parquet,4718,2368814409,story
994,train_landmark_files/4718/2451193072.parquet,4718,2451193072,story
995,train_landmark_files/4718/2785262734.parquet,4718,2785262734,story
996,train_landmark_files/4718/2459175830.parquet,4718,2459175830,story
997,train_landmark_files/4718/1846748885.parquet,4718,1846748885,story
998,train_landmark_files/4718/1644433767.parquet,4718,1644433767,story
999,train_landmark_files/4718/3086299925.parquet,4718,3086299925,story
1000,train_landmark_files/37779/2443922865.parquet,37779,2443922865,story
1001,train_landmark_files/37779/1996263634.parquet,37779,1996263634,story
1002,train_landmark_files/37779/3860487945.parquet,37779,3860487945,story
1003,train_landmark_files/37779/2945303739.parquet,37779,2945303739,story
1004,train_landmark_files/37779/2312575575.parquet,37779,2312575575,story
1005,train_landmark_files/37779/197067416.parquet,37779,197067416,story
1006,train_landmark_files/37779/3333607971.parquet,37779,3333607971,story
1007,train_landmark_files/37779/2388805945.parquet,37779,2388805945,story
1008,train_landmark_files/37779/4081298028.parquet,37779,4081298028,story
1009,train_landmark_files/37779/2094173370.parquet,37779,2094173370,story
1010,train_landmark_files/36257/202428060.parquet,36257,202428060,story
1011,train_landmark_files/36257/671996054.parquet,36257,671996054,story
1012,train_landmark_files/36257/2541615415.parquet,36257,2541615415,story
1013,train_landmark_files/36257/1670195678.parquet,36257,1670195678,story
1014,train_landmark_files/36257/968028508.parquet,36257,968028508,story
1015,train_landmark_files/36257/3116511881.parquet,36257,3116511881,story
1016,train_landmark_files/36257/3553734618.parquet,36257,3553734618,story
1017,train_landmark_files/36257/3689014121.parquet,36257,3689014121,story
1018,train_landmark_files/36257/1982145302.parquet,36257,1982145302,story
1019,train_landmark_files/36257/709994063.parquet,36257,709994063,story
1020,train_landmark_files/25571/1660271926.parquet,25571,1660271926,story
1021,train_landmark_files/25571/1493307451.parquet,25571,1493307451,story
1022,train_landmark_files/25571/1728441894.parquet,25571,1728441894,story
1023,train_landmark_files/25571/2289153117.parquet,25571,2289153117,story
1024,train_landmark_files/25571/1470512210.parquet,25571,1470512210,story
1025,train_landmark_files/25571/2363390375.parquet,25571,2363390375,story
1026,train_landmark_files/25571/995384315.parquet,25571,995384315,story
1027,train_landmark_files/25571/902903078.parquet,25571,902903078,story
1028,train_landmark_files/25571/3950187673.parquet,25571,3950187673,story
1029,train_landmark_files/25571/176470619.parquet,25571,176470619,story
1030,train_landmark_files/18796/2395520074.parquet,18796,2395520074,story
1031,train_landmark_files/18796/2400861107.parquet,18796,2400861107,story
1032,train_landmark_files/18796/3835273323.parquet,18796,3835273323,story
1033,train_landmark_files/18796/1472802462.parquet,18796,1472802462,story
1034,train_landmark_files/18796/2248533632.parquet,18796,2248533632,story
1035,train_landmark_files/18796/1865407152.parquet,18796,1865407152,story
1036,train_landmark_files/18796/1509865253.parquet,18796,1509865253,story
1037,train_landmark_files/18796/3477502798.parquet,18796,3477502798,story
1038,train_landmark_files/18796/741143943.parquet,18796,741143943,story
1039,train_landmark_files/18796/3249037802.parquet,18796,3249037802,story
1040,train_landmark_files/55372/1566487265.parquet,55372,1566487265,story
1041,train_landmark_files/55372/3913194529.parquet,55372,3913194529,story
1042,train_landmark_files/55372/3258311721.parquet,55372,3258311721,story
1043,train_landmark_files/55372/847204921.parquet,55372,847204921,story
1044,train_landmark_files/55372/439611180.parquet,55372,439611180,story
1045,train_landmark_files/55372/1820892894.parquet,55372,1820892894,story
1046,train_landmark_files/55372/3987453892.parquet,55372,3987453892,story
1047,train_landmark_files/55372/2910954459.parquet,55372,2910954459,story
1048,train_landmark_files/55372/4031658451.parquet,55372,4031658451,story
1049,train_landmark_files/55372/2505475742.parquet,55372,2505475742,story
